{"count":1,"self":10465.924710399999,"total":30105.915423299997,"children":{"InitializeActuators":{"count":1,"self":0.0011924,"total":0.0011924,"children":null},"InitializeSensors":{"count":1,"self":0.0013823,"total":0.0013823,"children":null},"AgentSendState":{"count":20358618,"self":151.5602176,"total":347.1585861,"children":{"CollectObservations":{"count":4071724,"self":17.102092799999998,"total":17.1020932,"children":null},"WriteActionMask":{"count":4071724,"self":3.1129227999999998,"total":3.1129227,"children":null},"RequestDecision":{"count":4071724,"self":16.5081104,"total":175.3833555,"children":{"AgentInfo.ToProto":{"count":4071724,"self":14.683384,"total":158.8752452,"children":{"GenerateSensorData":{"count":4071724,"self":129.37148159999998,"total":144.1918617,"children":{"RayPerceptionSensor.Perceive":{"count":8143448,"self":14.820387199999999,"total":14.820386399999999,"children":null}}}}}}}}},"DecideAction":{"count":20358618,"self":18815.8820352,"total":18815.8828107,"children":null},"AgentAct":{"count":20358618,"self":466.05542399999996,"total":466.43455869999997,"children":{"AgentInfo.ToProto":{"count":7656,"self":0.0329799,"total":0.3791526,"children":{"GenerateSensorData":{"count":7656,"self":0.2984785,"total":0.3461727,"children":{"RayPerceptionSensor.Perceive":{"count":15312,"self":0.0476942,"total":0.0476942,"children":null}}}}}}},"AgentInfo.ToProto":{"count":218761,"self":1.0331001,"total":10.5122948,"children":{"GenerateSensorData":{"count":218761,"self":8.39944,"total":9.479194699999999,"children":{"RayPerceptionSensor.Perceive":{"count":437522,"self":1.0797546,"total":1.0797546,"children":null}}}}}},"gauges":{"BigWallJump.CumulativeReward":{"count":125527,"max":0.9875,"min":-3.55096626,"runningAverage":0.902141631,"value":0.9645,"weightedAverage":0.957711935},"SmallWallJump.CumulativeReward":{"count":83987,"max":0.9875,"min":-2.85394549,"runningAverage":0.8382646,"value":0.979000032,"weightedAverage":0.9722401}},"metadata":{"timer_format_version":"0.1.0","start_time_seconds":"1686281848","unity_version":"2021.3.24f1","command_line_arguments":"C:\\Program Files\\Unity\\Hub\\Editor\\2021.3.24f1\\Editor\\Unity.exe -projectpath C:\\Users\\Mike\\My project -useHub -hubIPC -cloudEnvironment production -licensingIpc LicenseClient-Mike -hubSessionId d5295865-70b0-4ccf-85dd-f54c58f21858 -accessToken IqN17YgMnO0uOGD8Up4jOL_YYewnXp5Hft_VLoQnhAo002f","communication_protocol_version":"1.5.0","com.unity.ml-agents_version":"2.0.1","scene_name":"WallJump","end_time_seconds":"1686311954"}}